Rank,Reduction_Method,Reduction_Description,Model,Model_Class,N_Components,Accuracy_Mean,Accuracy_Std,F1_Macro,F1_Weighted,Precision_Macro,Recall_Macro,ROC_AUC,CV1,CV2,CV3,CV4,CV5
1,selectfrommodel_rf_10,SelectFromModel-RF-10,CatBoost_tuned,CatBoostClassifier,10,0.88,0.0267,0.86,0.8775,0.8842,0.85,0.88,0.8667,0.8667,0.8667,0.9333,0.8667
2,selectfrommodel_xgb_5,SelectFromModel-XGB-5,HistGB_tuned,HistGradientBoostingClassifier,5,0.8533,0.0777,0.8322,0.8519,0.8411,0.83,0.826,0.8,0.7333,0.8667,0.9333,0.9333
3,selectfrommodel_xgb_10,SelectFromModel-XGB-10,HistGB_tuned,HistGradientBoostingClassifier,10,0.8533,0.0777,0.8322,0.8519,0.8411,0.83,0.826,0.8,0.7333,0.8667,0.9333,0.9333
4,selectfrommodel_xgb_10,SelectFromModel-XGB-10,HistGB_default,HistGradientBoostingClassifier,10,0.84,0.068,0.8165,0.8383,0.8277,0.81,0.846,0.8,0.7333,0.8667,0.8667,0.9333
5,selectfrommodel_xgb_5,SelectFromModel-XGB-5,HistGB_default,HistGradientBoostingClassifier,5,0.84,0.068,0.8165,0.8383,0.8277,0.81,0.846,0.8,0.7333,0.8667,0.8667,0.9333
6,selectfrommodel_rf_10,SelectFromModel-RF-10,KNN_weighted,KNeighborsClassifier,10,0.8267,0.0904,0.8022,0.8252,0.8111,0.8,0.802,0.8,0.7333,0.9333,0.7333,0.9333
7,selectkbest_mutual_info_10,SelectKBest-mutual_info-10,KNN_5,KNeighborsClassifier,10,0.8267,0.0327,0.7911,0.8189,0.832,0.79,0.81,0.8,0.8,0.8667,0.8667,0.8
8,selectfrommodel_rf_5,SelectFromModel-RF-5,RF_default,RandomForestClassifier,5,0.8267,0.0533,0.8027,0.8248,0.8248,0.8,0.82,0.8667,0.8,0.8667,0.7333,0.8667
9,pca_10,PCA-10,SVM_rbf,SVC,10,0.8133,0.1293,0.7548,0.7939,0.8192,0.76,0.888,0.7333,0.6667,0.9333,1.0,0.7333
10,pca_5,PCA-5,KNN_7,KNeighborsClassifier,5,0.8133,0.0777,0.7929,0.8126,0.8133,0.8,0.882,0.8,0.7333,0.8667,0.7333,0.9333
11,selectkbest_f_classif_10,SelectKBest-f_classif-10,RF_extratrees,ExtraTreesClassifier,10,0.8133,0.0499,0.7851,0.8102,0.8116,0.78,0.87,0.8,0.8,0.8667,0.7333,0.8667
12,selectfrommodel_xgb_10,SelectFromModel-XGB-10,QDA_reg,QuadraticDiscriminantAnalysis,10,0.8133,0.0653,0.7732,0.8032,0.8212,0.78,0.856,0.7333,0.8,0.9333,0.8,0.8
13,selectfrommodel_xgb_10,SelectFromModel-XGB-10,XGB_default,XGBClassifier,10,0.8133,0.1147,0.7839,0.8102,0.8035,0.78,0.832,0.6,0.8667,0.9333,0.8,0.8667
14,selectkbest_f_classif_10,SelectKBest-f_classif-10,SVM_rbf_tuned,SVC,10,0.8133,0.0653,0.7813,0.8091,0.8014,0.77,0.848,0.8,0.7333,0.9333,0.8,0.8
15,selectkbest_f_classif_10,SelectKBest-f_classif-10,KNN_5,KNeighborsClassifier,10,0.8133,0.0777,0.7673,0.8007,0.8008,0.77,0.874,0.8,0.6667,0.8667,0.8667,0.8667
16,selectkbest_f_classif_10,SelectKBest-f_classif-10,KNN_7,KNeighborsClassifier,10,0.8133,0.098,0.7602,0.7973,0.7976,0.76,0.896,0.7333,0.6667,0.8667,0.9333,0.8667
17,selectkbest_f_classif_10,SelectKBest-f_classif-10,KNN_weighted,KNeighborsClassifier,10,0.8133,0.0499,0.777,0.8065,0.8074,0.77,0.852,0.8,0.7333,0.8667,0.8,0.8667
18,selectfrommodel_xgb_5,SelectFromModel-XGB-5,QDA_reg,QuadraticDiscriminantAnalysis,5,0.8133,0.0653,0.7732,0.8032,0.8212,0.78,0.856,0.7333,0.8,0.9333,0.8,0.8
19,selectfrommodel_xgb_5,SelectFromModel-XGB-5,XGB_default,XGBClassifier,5,0.8133,0.1147,0.7839,0.8102,0.8035,0.78,0.832,0.6,0.8667,0.9333,0.8,0.8667
20,selectfrommodel_rf_10,SelectFromModel-RF-10,KNN_5,KNeighborsClassifier,10,0.8133,0.098,0.7734,0.8047,0.7976,0.77,0.8,0.7333,0.7333,0.9333,0.7333,0.9333
21,selectkbest_mutual_info_10,SelectKBest-mutual_info-10,HistGB_default,HistGradientBoostingClassifier,10,0.8133,0.0267,0.7712,0.8036,0.8174,0.76,0.796,0.8,0.8,0.8667,0.8,0.8
22,selectfrommodel_rf_10,SelectFromModel-RF-10,KNN_3,KNeighborsClassifier,10,0.8,0.0843,0.7719,0.7975,0.7796,0.78,0.848,0.7333,0.7333,0.9333,0.7333,0.8667
23,selectfrommodel_rf_10,SelectFromModel-RF-10,CatBoost_default,CatBoostClassifier,10,0.8,0.0843,0.7446,0.7837,0.7842,0.74,0.872,0.7333,0.6667,0.8667,0.8667,0.8667
24,selectfrommodel_xgb_5,SelectFromModel-XGB-5,QDA_default,QuadraticDiscriminantAnalysis,5,0.8,0.073,0.7458,0.7825,0.8157,0.76,0.828,0.7333,0.8,0.9333,0.8,0.7333
25,selectkbest_mutual_info_10,SelectKBest-mutual_info-10,XGB_tuned,XGBClassifier,10,0.8,0.1398,0.7628,0.7939,0.7821,0.76,0.836,0.5333,0.8667,0.9333,0.8,0.8667
26,selectfrommodel_xgb_5,SelectFromModel-XGB-5,KNN_7,KNeighborsClassifier,5,0.8,0.0596,0.7605,0.7917,0.783,0.77,0.778,0.7333,0.8,0.8667,0.8667,0.7333
27,selectfrommodel_xgb_5,SelectFromModel-XGB-5,LGBM_default,LGBMClassifier,5,0.8,0.1193,0.7366,0.7781,0.741,0.75,0.876,0.6,0.7333,0.8667,0.9333,0.8667
28,selectfrommodel_rf_10,SelectFromModel-RF-10,XGB_tuned,XGBClassifier,10,0.8,0.073,0.7735,0.7987,0.7935,0.77,0.84,0.8667,0.8,0.8,0.6667,0.8667
29,selectkbest_mutual_info_10,SelectKBest-mutual_info-10,HistGB_tuned,HistGradientBoostingClassifier,10,0.8,0.073,0.7647,0.794,0.8015,0.76,0.792,0.6667,0.8,0.8667,0.8667,0.8
30,selectkbest_f_classif_10,SelectKBest-f_classif-10,CatBoost_default,CatBoostClassifier,10,0.8,0.0843,0.7446,0.7837,0.7842,0.74,0.86,0.7333,0.6667,0.8667,0.8667,0.8667
31,selectkbest_f_classif_10,SelectKBest-f_classif-10,SVM_rbf,SVC,10,0.8,0.0943,0.7384,0.7801,0.7912,0.74,0.872,0.7333,0.6667,0.9333,0.8667,0.8
32,selectfrommodel_xgb_10,SelectFromModel-XGB-10,QDA_default,QuadraticDiscriminantAnalysis,10,0.8,0.073,0.7458,0.7825,0.8157,0.76,0.828,0.7333,0.8,0.9333,0.8,0.7333
33,selectfrommodel_xgb_10,SelectFromModel-XGB-10,LGBM_default,LGBMClassifier,10,0.8,0.1193,0.7366,0.7781,0.741,0.75,0.876,0.6,0.7333,0.8667,0.9333,0.8667
34,selectfrommodel_xgb_10,SelectFromModel-XGB-10,KNN_7,KNeighborsClassifier,10,0.8,0.0596,0.7605,0.7917,0.783,0.77,0.778,0.7333,0.8,0.8667,0.8667,0.7333
35,none,No Reduction,XGB_tuned,XGBClassifier,14,0.8,0.0596,0.7773,0.8001,0.7935,0.78,0.856,0.7333,0.8,0.8667,0.7333,0.8667
36,none,No Reduction,KNN_5,KNeighborsClassifier,14,0.8,0.1116,0.778,0.8011,0.782,0.78,0.85,0.7333,0.7333,0.9333,0.6667,0.9333
37,pca_5,PCA-5,KNN_5,KNeighborsClassifier,5,0.8,0.1116,0.7698,0.7969,0.7837,0.77,0.86,0.7333,0.7333,0.9333,0.6667,0.9333
38,selectkbest_f_classif_5,SelectKBest-f_classif-5,LGBM_tuned,LGBMClassifier,5,0.8,0.1333,0.7524,0.788,0.7806,0.75,0.796,0.7333,0.6,0.8,1.0,0.8667
39,pca_10,PCA-10,KNN_5,KNeighborsClassifier,10,0.8,0.1116,0.778,0.8011,0.782,0.78,0.85,0.7333,0.7333,0.9333,0.6667,0.9333
40,selectfrommodel_rf_5,SelectFromModel-RF-5,HistGB_default,HistGradientBoostingClassifier,5,0.8,0.073,0.7689,0.797,0.7845,0.76,0.828,0.8,0.7333,0.8,0.7333,0.9333
41,selectfrommodel_rf_5,SelectFromModel-RF-5,HistGB_tuned,HistGradientBoostingClassifier,5,0.8,0.073,0.7606,0.7923,0.8047,0.75,0.834,0.8,0.7333,0.8,0.7333,0.9333
42,pca_10,PCA-10,MLP_small,MLPClassifier,10,0.8,0.073,0.7666,0.7945,0.8017,0.77,0.84,0.8,0.7333,0.9333,0.7333,0.8
43,selectkbest_f_classif_5,SelectKBest-f_classif-5,LGBM_default,LGBMClassifier,5,0.8,0.1333,0.7524,0.788,0.7806,0.75,0.808,0.7333,0.6,0.8,1.0,0.8667
44,selectfrommodel_rf_5,SelectFromModel-RF-5,RF_tuned,RandomForestClassifier,5,0.8,0.0596,0.7686,0.796,0.7831,0.77,0.828,0.8,0.7333,0.8667,0.7333,0.8667
45,selectfrommodel_rf_10,SelectFromModel-RF-10,SVM_rbf,SVC,10,0.8,0.073,0.7503,0.7866,0.7991,0.75,0.892,0.7333,0.7333,0.9333,0.8,0.8
46,pca_10,PCA-10,CatBoost_default,CatBoostClassifier,10,0.7867,0.1147,0.7123,0.7599,0.7879,0.72,0.78,0.7333,0.6667,1.0,0.8,0.7333
47,pca_10,PCA-10,SVM_linear,SVC,10,0.7867,0.1424,0.7209,0.7651,0.7676,0.73,0.84,0.6667,0.6,0.8667,1.0,0.8
48,none,No Reduction,LDA_solver_lsqr,LinearDiscriminantAnalysis,14,0.7867,0.1655,0.7252,0.7682,0.7603,0.73,0.832,0.6,0.6,0.9333,1.0,0.8
49,pca_5,PCA-5,XGB_tuned,XGBClassifier,5,0.7867,0.0777,0.7333,0.7696,0.805,0.74,0.82,0.8,0.6667,0.8667,0.7333,0.8667
50,none,No Reduction,KNN_3,KNeighborsClassifier,14,0.7867,0.1293,0.7612,0.7837,0.7837,0.77,0.81,0.7333,0.7333,0.9333,0.6,0.9333
51,none,No Reduction,KNN_weighted,KNeighborsClassifier,14,0.7867,0.1293,0.7664,0.7887,0.7721,0.77,0.836,0.7333,0.7333,0.9333,0.6,0.9333
52,none,No Reduction,LR_l2,LogisticRegression,14,0.7867,0.1293,0.7003,0.7535,0.7799,0.71,0.852,0.6667,0.6667,0.8667,1.0,0.7333
53,selectkbest_f_classif_10,SelectKBest-f_classif-10,XGB_tuned,XGBClassifier,10,0.7867,0.0499,0.7598,0.7861,0.7744,0.76,0.828,0.8,0.7333,0.7333,0.8,0.8667
54,selectkbest_f_classif_5,SelectKBest-f_classif-5,HistGB_default,HistGradientBoostingClassifier,5,0.7867,0.1485,0.7266,0.7684,0.7406,0.73,0.768,0.7333,0.5333,0.8,0.9333,0.9333
55,pca_10,PCA-10,KNN_weighted,KNeighborsClassifier,10,0.7867,0.1293,0.7664,0.7887,0.7721,0.77,0.836,0.7333,0.7333,0.9333,0.6,0.9333
56,pca_10,PCA-10,LR_l2,LogisticRegression,10,0.7867,0.1293,0.7026,0.7542,0.7813,0.72,0.836,0.6667,0.6667,0.8667,1.0,0.7333
57,pca_10,PCA-10,KNN_3,KNeighborsClassifier,10,0.7867,0.1293,0.7612,0.7837,0.7837,0.77,0.812,0.7333,0.7333,0.9333,0.6,0.9333
58,selectfrommodel_rf_10,SelectFromModel-RF-10,XGB_default,XGBClassifier,10,0.7867,0.0653,0.7604,0.7861,0.779,0.76,0.84,0.8,0.8,0.8,0.6667,0.8667
59,selectfrommodel_rf_10,SelectFromModel-RF-10,LR_l2,LogisticRegression,10,0.7867,0.1293,0.7003,0.7535,0.7799,0.71,0.848,0.6667,0.6667,0.8667,1.0,0.7333
60,selectkbest_mutual_info_10,SelectKBest-mutual_info-10,LR_default,LogisticRegression,10,0.7867,0.1293,0.7141,0.7613,0.7834,0.72,0.844,0.6667,0.6667,0.8667,1.0,0.7333
61,selectfrommodel_rf_5,SelectFromModel-RF-5,SVM_linear,SVC,5,0.7867,0.1543,0.7084,0.758,0.7219,0.72,0.836,0.6,0.6,0.8667,0.9333,0.9333
62,selectfrommodel_xgb_5,SelectFromModel-XGB-5,KNN_5,KNeighborsClassifier,5,0.7867,0.0267,0.7317,0.7683,0.8302,0.75,0.808,0.7333,0.8,0.8,0.8,0.8
63,selectfrommodel_xgb_10,SelectFromModel-XGB-10,KNN_5,KNeighborsClassifier,10,0.7867,0.0267,0.7317,0.7683,0.8302,0.75,0.808,0.7333,0.8,0.8,0.8,0.8
64,selectkbest_mutual_info_10,SelectKBest-mutual_info-10,GB_default,GradientBoostingClassifier,10,0.7867,0.0499,0.7598,0.7861,0.7744,0.76,0.804,0.8,0.7333,0.8,0.7333,0.8667
65,selectkbest_mutual_info_10,SelectKBest-mutual_info-10,KNN_weighted,KNeighborsClassifier,10,0.7867,0.0499,0.7509,0.7809,0.7884,0.75,0.784,0.8,0.7333,0.8667,0.7333,0.8
66,selectfrommodel_rf_10,SelectFromModel-RF-10,RF_tuned,RandomForestClassifier,10,0.7867,0.0777,0.7396,0.7748,0.774,0.74,0.86,0.8,0.6667,0.8667,0.7333,0.8667
67,selectkbest_mutual_info_10,SelectKBest-mutual_info-10,XGB_default,XGBClassifier,10,0.7867,0.098,0.7624,0.7871,0.7789,0.76,0.832,0.6667,0.8667,0.8667,0.6667,0.8667
68,selectfrommodel_xgb_5,SelectFromModel-XGB-5,CatBoost_tuned,CatBoostClassifier,5,0.7867,0.0777,0.7483,0.7803,0.7796,0.74,0.816,0.7333,0.8,0.8667,0.6667,0.8667
69,selectfrommodel_xgb_5,SelectFromModel-XGB-5,XGB_tuned,XGBClassifier,5,0.7867,0.1067,0.7559,0.7845,0.7733,0.75,0.868,0.6,0.8667,0.8667,0.7333,0.8667
70,selectfrommodel_xgb_10,SelectFromModel-XGB-10,XGB_tuned,XGBClassifier,10,0.7867,0.1067,0.7559,0.7845,0.7733,0.75,0.868,0.6,0.8667,0.8667,0.7333,0.8667
71,none,No Reduction,RF_tuned,RandomForestClassifier,14,0.7867,0.0653,0.7303,0.7703,0.7785,0.73,0.872,0.8,0.6667,0.8667,0.8,0.8
72,selectfrommodel_xgb_10,SelectFromModel-XGB-10,CatBoost_tuned,CatBoostClassifier,10,0.7867,0.0777,0.7483,0.7803,0.7796,0.74,0.816,0.7333,0.8,0.8667,0.6667,0.8667
73,selectfrommodel_rf_10,SelectFromModel-RF-10,LDA_solver_lsqr,LinearDiscriminantAnalysis,10,0.7867,0.1655,0.7252,0.7682,0.7603,0.73,0.844,0.6,0.6,0.9333,1.0,0.8
74,none,No Reduction,XGB_default,XGBClassifier,14,0.7867,0.0653,0.7604,0.786,0.778,0.76,0.844,0.7333,0.7333,0.8667,0.7333,0.8667
75,selectkbest_f_classif_10,SelectKBest-f_classif-10,MLP_medium,MLPClassifier,10,0.7867,0.0777,0.7529,0.7828,0.7681,0.75,0.84,0.7333,0.7333,0.9333,0.8,0.7333
76,none,No Reduction,HistGB_default,HistGradientBoostingClassifier,14,0.7867,0.0777,0.7524,0.7824,0.7913,0.74,0.796,0.6667,0.7333,0.8667,0.8,0.8667
77,none,No Reduction,SVM_rbf,SVC,14,0.7867,0.1293,0.716,0.7626,0.7873,0.72,0.88,0.7333,0.6,0.9333,0.9333,0.7333
78,pca_10,PCA-10,LDA_solver_lsqr,LinearDiscriminantAnalysis,10,0.7733,0.1373,0.6927,0.7443,0.7291,0.71,0.844,0.6667,0.6667,0.8667,1.0,0.6667
79,pca_10,PCA-10,LR_l1,LogisticRegression,10,0.7733,0.1436,0.6912,0.7437,0.7607,0.7,0.828,0.6667,0.6,0.8667,1.0,0.7333
80,pca_10,PCA-10,LR_default,LogisticRegression,10,0.7733,0.1436,0.6934,0.7444,0.7621,0.71,0.836,0.6667,0.6,0.8667,1.0,0.7333
81,selectfrommodel_rf_10,SelectFromModel-RF-10,LGBM_default,LGBMClassifier,10,0.7733,0.068,0.7138,0.7561,0.775,0.71,0.812,0.6667,0.7333,0.8667,0.8,0.8
82,selectfrommodel_rf_10,SelectFromModel-RF-10,LR_default,LogisticRegression,10,0.7733,0.1436,0.6912,0.7437,0.7607,0.7,0.844,0.6,0.6667,0.8667,1.0,0.7333
83,selectfrommodel_rf_10,SelectFromModel-RF-10,HistGB_tuned,HistGradientBoostingClassifier,10,0.7733,0.0998,0.7454,0.7721,0.7801,0.74,0.794,0.6,0.7333,0.8667,0.8,0.8667
84,selectfrommodel_rf_10,SelectFromModel-RF-10,RF_default,RandomForestClassifier,10,0.7733,0.0904,0.7272,0.7618,0.7651,0.73,0.858,0.8,0.6667,0.8667,0.6667,0.8667
85,selectfrommodel_rf_10,SelectFromModel-RF-10,HistGB_default,HistGradientBoostingClassifier,10,0.7733,0.08,0.74,0.7704,0.7744,0.73,0.794,0.6667,0.7333,0.8667,0.7333,0.8667
86,selectkbest_mutual_info_10,SelectKBest-mutual_info-10,LDA_default,LinearDiscriminantAnalysis,10,0.7733,0.1236,0.7166,0.7585,0.7606,0.71,0.844,0.6,0.6667,0.8667,0.9333,0.8
87,selectkbest_mutual_info_10,SelectKBest-mutual_info-10,LDA_solver_svd,LinearDiscriminantAnalysis,10,0.7733,0.1236,0.7166,0.7585,0.7606,0.71,0.844,0.6,0.6667,0.8667,0.9333,0.8
88,selectkbest_f_classif_10,SelectKBest-f_classif-10,CatBoost_tuned,CatBoostClassifier,10,0.7733,0.068,0.7265,0.7623,0.7596,0.73,0.86,0.8,0.6667,0.8,0.7333,0.8667
89,selectkbest_f_classif_10,SelectKBest-f_classif-10,MLP_small,MLPClassifier,10,0.7733,0.1236,0.73,0.7656,0.7427,0.73,0.872,0.6667,0.6667,1.0,0.8,0.7333
90,selectkbest_f_classif_10,SelectKBest-f_classif-10,SVM_linear,SVC,10,0.7733,0.1236,0.73,0.7656,0.7427,0.73,0.848,0.6667,0.6667,0.8,1.0,0.7333
91,selectkbest_f_classif_10,SelectKBest-f_classif-10,KNN_3,KNeighborsClassifier,10,0.7733,0.068,0.7469,0.7726,0.7594,0.75,0.806,0.8,0.8,0.8667,0.6667,0.7333
92,selectkbest_mutual_info_10,SelectKBest-mutual_info-10,Ridge_alpha1,RidgeClassifier,10,0.7733,0.1373,0.7033,0.7507,0.776,0.7,0.856,0.6,0.6667,0.9333,0.9333,0.7333
93,selectkbest_mutual_info_10,SelectKBest-mutual_info-10,Ridge_default,RidgeClassifier,10,0.7733,0.1373,0.7033,0.7507,0.776,0.7,0.856,0.6,0.6667,0.9333,0.9333,0.7333
94,selectfrommodel_xgb_10,SelectFromModel-XGB-10,SVM_rbf,SVC,10,0.7733,0.0327,0.7019,0.7472,0.8177,0.72,0.876,0.7333,0.8,0.8,0.8,0.7333
95,selectfrommodel_xgb_5,SelectFromModel-XGB-5,SVM_rbf,SVC,5,0.7733,0.0327,0.7019,0.7472,0.8177,0.72,0.876,0.7333,0.8,0.8,0.8,0.7333
96,selectfrommodel_rf_10,SelectFromModel-RF-10,MLP_small,MLPClassifier,10,0.7733,0.0904,0.7212,0.7602,0.7398,0.73,0.856,0.7333,0.7333,0.9333,0.8,0.6667
97,selectkbest_f_classif_10,SelectKBest-f_classif-10,LGBM_tuned,LGBMClassifier,10,0.7733,0.1083,0.7302,0.7609,0.7835,0.74,0.776,0.6667,0.7333,0.9333,0.6667,0.8667
98,pca_5,PCA-5,SVM_rbf,SVC,5,0.7733,0.1083,0.6882,0.7411,0.7647,0.71,0.852,0.6667,0.6667,0.9333,0.8667,0.7333
99,selectkbest_f_classif_10,SelectKBest-f_classif-10,XGB_default,XGBClassifier,10,0.7733,0.0533,0.7473,0.7735,0.7635,0.75,0.804,0.8,0.7333,0.7333,0.7333,0.8667
100,selectkbest_f_classif_5,SelectKBest-f_classif-5,MLP_small,MLPClassifier,5,0.7733,0.0998,0.7159,0.7575,0.76,0.72,0.86,0.7333,0.6,0.8667,0.8667,0.8
101,selectkbest_f_classif_10,SelectKBest-f_classif-10,HistGB_default,HistGradientBoostingClassifier,10,0.7733,0.08,0.7441,0.7725,0.7611,0.74,0.818,0.6667,0.7333,0.8667,0.7333,0.8667
102,selectkbest_f_classif_5,SelectKBest-f_classif-5,LR_l2,LogisticRegression,5,0.7733,0.1373,0.6928,0.7451,0.7731,0.69,0.856,0.6667,0.6,0.8,1.0,0.8
103,pca_10,PCA-10,RF_extratrees,ExtraTreesClassifier,10,0.7733,0.08,0.7059,0.7518,0.7781,0.71,0.812,0.7333,0.7333,0.9333,0.7333,0.7333
104,pca_10,PCA-10,RF_tuned,RandomForestClassifier,10,0.7733,0.1162,0.7085,0.7528,0.7825,0.71,0.774,0.7333,0.7333,1.0,0.6667,0.7333
105,pca_10,PCA-10,RF_default,RandomForestClassifier,10,0.7733,0.1162,0.7085,0.7528,0.7825,0.71,0.792,0.7333,0.7333,1.0,0.6667,0.7333
106,none,No Reduction,CatBoost_tuned,CatBoostClassifier,14,0.7733,0.1236,0.7473,0.7687,0.787,0.75,0.832,0.8,0.8,0.8667,0.5333,0.8667
107,none,No Reduction,SVM_linear,SVC,14,0.7733,0.1083,0.7162,0.7578,0.7575,0.72,0.852,0.7333,0.6,0.8,0.9333,0.8
108,none,No Reduction,LR_default,LogisticRegression,14,0.7733,0.1236,0.6873,0.7409,0.7654,0.7,0.856,0.6667,0.6667,0.8,1.0,0.7333
109,selectkbest_mutual_info_10,SelectKBest-mutual_info-10,CatBoost_tuned,CatBoostClassifier,10,0.7733,0.068,0.7271,0.764,0.7665,0.72,0.824,0.7333,0.6667,0.8,0.8667,0.8
110,selectkbest_f_classif_10,SelectKBest-f_classif-10,LR_default,LogisticRegression,10,0.76,0.1611,0.6782,0.7319,0.6924,0.69,0.844,0.5333,0.7333,0.8667,1.0,0.6667
111,selectkbest_f_classif_10,SelectKBest-f_classif-10,LR_l1,LogisticRegression,10,0.76,0.1611,0.6769,0.7306,0.7257,0.69,0.848,0.5333,0.6667,0.8667,1.0,0.7333
112,selectkbest_f_classif_10,SelectKBest-f_classif-10,LR_l2,LogisticRegression,10,0.76,0.1611,0.6631,0.7228,0.7222,0.68,0.84,0.5333,0.6667,0.8667,1.0,0.7333
113,none,No Reduction,SVM_rbf_tuned,SVC,14,0.76,0.0904,0.7283,0.7549,0.7729,0.74,0.792,0.8,0.7333,0.8667,0.6,0.8
114,none,No Reduction,LR_l1,LogisticRegression,14,0.76,0.1718,0.6814,0.7338,0.7085,0.69,0.844,0.5333,0.6,0.8667,1.0,0.8
115,none,No Reduction,LDA_default,LinearDiscriminantAnalysis,14,0.76,0.1236,0.7058,0.7475,0.7177,0.71,0.808,0.6667,0.6,0.8667,0.9333,0.7333
116,none,No Reduction,LDA_solver_svd,LinearDiscriminantAnalysis,14,0.76,0.1236,0.7058,0.7475,0.7177,0.71,0.808,0.6667,0.6,0.8667,0.9333,0.7333
117,none,No Reduction,KNN_7,KNeighborsClassifier,14,0.76,0.0998,0.7242,0.755,0.7487,0.73,0.844,0.6667,0.6667,0.8,0.7333,0.9333
118,selectkbest_f_classif_10,SelectKBest-f_classif-10,GB_tuned,GradientBoostingClassifier,10,0.76,0.0904,0.7407,0.7629,0.7513,0.75,0.784,0.9333,0.6667,0.7333,0.7333,0.7333
119,pca_5,PCA-5,CatBoost_default,CatBoostClassifier,5,0.76,0.1083,0.681,0.7315,0.7109,0.7,0.836,0.7333,0.6,0.9333,0.7333,0.8
120,pca_5,PCA-5,SVM_linear,SVC,5,0.76,0.08,0.7171,0.7483,0.7543,0.74,0.804,0.8,0.6667,0.8667,0.6667,0.8
121,selectkbest_f_classif_10,SelectKBest-f_classif-10,RF_tuned,RandomForestClassifier,10,0.76,0.1083,0.7181,0.7521,0.7459,0.72,0.836,0.8,0.6,0.8667,0.6667,0.8667
122,selectkbest_f_classif_10,SelectKBest-f_classif-10,RF_default,RandomForestClassifier,10,0.76,0.1083,0.7181,0.7521,0.7459,0.72,0.84,0.8,0.6,0.8667,0.6667,0.8667
123,pca_5,PCA-5,GB_tuned,GradientBoostingClassifier,5,0.76,0.1436,0.7049,0.7447,0.7368,0.71,0.766,0.6,0.6667,0.9333,0.6667,0.9333
124,pca_5,PCA-5,RF_extratrees,ExtraTreesClassifier,5,0.76,0.1236,0.7012,0.7421,0.7715,0.71,0.772,0.6667,0.7333,1.0,0.6667,0.7333
125,none,No Reduction,MLP_small,MLPClassifier,14,0.76,0.1162,0.7118,0.7498,0.7249,0.72,0.812,0.8,0.6,0.9333,0.8,0.6667
126,pca_10,PCA-10,CatBoost_tuned,CatBoostClassifier,10,0.76,0.0904,0.6942,0.7397,0.7659,0.7,0.708,0.7333,0.7333,0.9333,0.6667,0.7333
127,selectkbest_f_classif_5,SelectKBest-f_classif-5,LR_default,LogisticRegression,5,0.76,0.1162,0.6784,0.732,0.7564,0.68,0.852,0.6667,0.6,0.8,0.9333,0.8
128,pca_5,PCA-5,KNN_weighted,KNeighborsClassifier,5,0.76,0.1373,0.7284,0.7564,0.7573,0.73,0.836,0.7333,0.7333,0.9333,0.5333,0.8667
129,pca_5,PCA-5,MLP_small,MLPClassifier,5,0.76,0.068,0.7215,0.7546,0.7373,0.73,0.816,0.7333,0.6667,0.8667,0.7333,0.8
130,none,No Reduction,GB_tuned,GradientBoostingClassifier,14,0.76,0.068,0.7345,0.7605,0.7425,0.74,0.758,0.8667,0.7333,0.6667,0.8,0.7333
131,none,No Reduction,RF_default,RandomForestClassifier,14,0.76,0.1083,0.7106,0.7455,0.7639,0.72,0.852,0.8667,0.6667,0.8667,0.6,0.8
132,selectkbest_f_classif_10,SelectKBest-f_classif-10,LGBM_default,LGBMClassifier,10,0.76,0.068,0.7074,0.7451,0.7617,0.72,0.796,0.6667,0.7333,0.8667,0.7333,0.8
133,selectkbest_mutual_info_5,SelectKBest-mutual_info-5,XGB_default,XGBClassifier,5,0.76,0.068,0.7163,0.7502,0.7694,0.73,0.77,0.6667,0.8,0.7333,0.8667,0.7333
134,none,No Reduction,HistGB_tuned,HistGradientBoostingClassifier,14,0.76,0.068,0.7265,0.7579,0.7479,0.72,0.776,0.6667,0.7333,0.8667,0.7333,0.8
135,selectkbest_mutual_info_5,SelectKBest-mutual_info-5,RF_default,RandomForestClassifier,5,0.76,0.0533,0.7261,0.7563,0.7617,0.73,0.8,0.8,0.6667,0.7333,0.8,0.8
136,selectkbest_mutual_info_10,SelectKBest-mutual_info-10,RF_default,RandomForestClassifier,10,0.76,0.068,0.7037,0.7445,0.7664,0.71,0.852,0.8667,0.7333,0.8,0.6667,0.7333
137,selectkbest_mutual_info_10,SelectKBest-mutual_info-10,DT_default,DecisionTreeClassifier,10,0.76,0.0904,0.7409,0.7631,0.7569,0.75,0.75,0.8,0.8,0.7333,0.6,0.8667
138,selectfrommodel_xgb_10,SelectFromModel-XGB-10,RF_tuned,RandomForestClassifier,10,0.76,0.0533,0.7135,0.7506,0.7587,0.71,0.852,0.7333,0.8,0.8,0.6667,0.8
139,selectkbest_mutual_info_10,SelectKBest-mutual_info-10,DT_pruned,DecisionTreeClassifier,10,0.76,0.0904,0.7409,0.7631,0.7569,0.75,0.736,0.8,0.8,0.7333,0.6,0.8667
140,selectfrommodel_xgb_10,SelectFromModel-XGB-10,RF_default,RandomForestClassifier,10,0.76,0.0533,0.7135,0.7506,0.7587,0.71,0.832,0.7333,0.8,0.8,0.6667,0.8
141,none,No Reduction,RF_extratrees,ExtraTreesClassifier,14,0.76,0.068,0.7112,0.7472,0.774,0.72,0.88,0.8,0.7333,0.8667,0.6667,0.7333
142,selectkbest_mutual_info_10,SelectKBest-mutual_info-10,LGBM_default,LGBMClassifier,10,0.76,0.0904,0.6948,0.7394,0.6987,0.71,0.838,0.6,0.7333,0.8,0.8,0.8667
143,selectkbest_mutual_info_10,SelectKBest-mutual_info-10,CatBoost_default,CatBoostClassifier,10,0.76,0.0533,0.6921,0.7394,0.7502,0.69,0.852,0.6667,0.7333,0.8,0.8,0.8
144,selectkbest_mutual_info_10,SelectKBest-mutual_info-10,SVM_rbf_tuned,SVC,10,0.76,0.1436,0.7295,0.7573,0.7551,0.73,0.772,0.8,0.6667,0.9333,0.5333,0.8667
145,selectkbest_mutual_info_10,SelectKBest-mutual_info-10,SVM_linear,SVC,10,0.76,0.08,0.7008,0.7431,0.7514,0.71,0.864,0.6667,0.6667,0.8667,0.8,0.8
146,selectkbest_mutual_info_10,SelectKBest-mutual_info-10,KNN_3,KNeighborsClassifier,10,0.76,0.068,0.711,0.7492,0.756,0.71,0.762,0.7333,0.6667,0.8667,0.7333,0.8
147,selectfrommodel_rf_10,SelectFromModel-RF-10,MLP_medium,MLPClassifier,10,0.76,0.0904,0.7225,0.7554,0.7324,0.73,0.792,0.6667,0.7333,0.9333,0.7333,0.7333
148,selectfrommodel_rf_10,SelectFromModel-RF-10,QDA_reg,QuadraticDiscriminantAnalysis,10,0.76,0.0327,0.707,0.7446,0.7781,0.73,0.808,0.7333,0.7333,0.8,0.8,0.7333
149,selectfrommodel_rf_10,SelectFromModel-RF-10,QDA_default,QuadraticDiscriminantAnalysis,10,0.76,0.0533,0.7052,0.7446,0.7692,0.72,0.792,0.7333,0.7333,0.8667,0.7333,0.7333
150,selectfrommodel_xgb_5,SelectFromModel-XGB-5,RF_tuned,RandomForestClassifier,5,0.76,0.0533,0.7135,0.7506,0.7587,0.71,0.852,0.7333,0.8,0.8,0.6667,0.8
151,selectfrommodel_xgb_5,SelectFromModel-XGB-5,RF_default,RandomForestClassifier,5,0.76,0.0533,0.7135,0.7506,0.7587,0.71,0.832,0.7333,0.8,0.8,0.6667,0.8
152,selectkbest_mutual_info_10,SelectKBest-mutual_info-10,RF_extratrees,ExtraTreesClassifier,10,0.76,0.0533,0.7067,0.7467,0.7614,0.71,0.85,0.7333,0.7333,0.8667,0.7333,0.7333
153,selectkbest_mutual_info_10,SelectKBest-mutual_info-10,RF_tuned,RandomForestClassifier,10,0.76,0.068,0.6991,0.7424,0.7677,0.7,0.86,0.8,0.7333,0.8667,0.6667,0.7333
154,selectkbest_mutual_info_10,SelectKBest-mutual_info-10,MLP_medium,MLPClassifier,10,0.76,0.1083,0.7278,0.7575,0.7522,0.73,0.76,0.6667,0.8,0.8667,0.6,0.8667
155,selectkbest_mutual_info_10,SelectKBest-mutual_info-10,LDA_solver_lsqr,LinearDiscriminantAnalysis,10,0.76,0.1083,0.6716,0.7277,0.7306,0.67,0.832,0.6,0.6667,0.8667,0.8667,0.8
156,selectkbest_mutual_info_10,SelectKBest-mutual_info-10,LR_l1,LogisticRegression,10,0.76,0.1611,0.6728,0.7285,0.739,0.68,0.852,0.5333,0.6667,0.8667,1.0,0.7333
157,selectkbest_mutual_info_10,SelectKBest-mutual_info-10,LR_l2,LogisticRegression,10,0.76,0.1555,0.6553,0.7182,0.719,0.67,0.844,0.6,0.6,0.8667,1.0,0.7333
158,selectfrommodel_rf_5,SelectFromModel-RF-5,CatBoost_tuned,CatBoostClassifier,5,0.76,0.1162,0.7338,0.7562,0.7605,0.74,0.772,0.8,0.8,0.8667,0.5333,0.8
159,selectfrommodel_rf_5,SelectFromModel-RF-5,XGB_tuned,XGBClassifier,5,0.76,0.0533,0.707,0.746,0.7794,0.71,0.836,0.7333,0.7333,0.7333,0.7333,0.8667
160,selectfrommodel_rf_10,SelectFromModel-RF-10,SVM_linear,SVC,10,0.76,0.0904,0.7028,0.7449,0.7456,0.71,0.864,0.7333,0.6,0.8,0.8667,0.8
161,selectfrommodel_rf_5,SelectFromModel-RF-5,GB_default,GradientBoostingClassifier,5,0.76,0.0904,0.7078,0.7473,0.7399,0.71,0.822,0.6667,0.6667,0.8667,0.7333,0.8667
162,selectfrommodel_rf_5,SelectFromModel-RF-5,DT_default,DecisionTreeClassifier,5,0.76,0.068,0.7157,0.7492,0.7727,0.73,0.73,0.8,0.6667,0.8667,0.7333,0.7333
163,selectfrommodel_rf_5,SelectFromModel-RF-5,QDA_reg,QuadraticDiscriminantAnalysis,5,0.76,0.068,0.7158,0.7512,0.74,0.73,0.812,0.6667,0.7333,0.8667,0.8,0.7333
164,selectfrommodel_rf_5,SelectFromModel-RF-5,LR_l2,LogisticRegression,5,0.76,0.1373,0.6684,0.7258,0.7079,0.68,0.832,0.6,0.6,0.8667,0.9333,0.8
165,selectfrommodel_rf_5,SelectFromModel-RF-5,LR_default,LogisticRegression,5,0.76,0.1611,0.6814,0.733,0.7029,0.69,0.832,0.6,0.5333,0.8667,0.9333,0.8667
166,selectfrommodel_rf_10,SelectFromModel-RF-10,GB_default,GradientBoostingClassifier,10,0.76,0.0327,0.7301,0.7588,0.7374,0.74,0.856,0.8,0.7333,0.8,0.7333,0.7333
167,selectfrommodel_rf_10,SelectFromModel-RF-10,RF_extratrees,ExtraTreesClassifier,10,0.76,0.068,0.703,0.743,0.7756,0.71,0.876,0.8,0.7333,0.8667,0.6667,0.7333
168,selectfrommodel_rf_5,SelectFromModel-RF-5,RF_extratrees,ExtraTreesClassifier,5,0.76,0.068,0.7142,0.7515,0.7379,0.71,0.84,0.7333,0.8,0.8667,0.6667,0.7333
169,pca_10,PCA-10,LDA_default,LinearDiscriminantAnalysis,10,0.76,0.1555,0.6995,0.7438,0.7131,0.71,0.808,0.6,0.6,0.8667,1.0,0.7333
170,pca_10,PCA-10,LDA_solver_svd,LinearDiscriminantAnalysis,10,0.76,0.1555,0.6995,0.7438,0.7131,0.71,0.808,0.6,0.6,0.8667,1.0,0.7333
171,pca_10,PCA-10,KNN_7,KNeighborsClassifier,10,0.76,0.0998,0.7242,0.755,0.7487,0.73,0.858,0.6667,0.6667,0.8,0.7333,0.9333
172,selectkbest_f_classif_5,SelectKBest-f_classif-5,CatBoost_default,CatBoostClassifier,5,0.76,0.0904,0.6982,0.7429,0.7468,0.7,0.86,0.7333,0.6,0.8,0.8667,0.8
173,selectkbest_f_classif_5,SelectKBest-f_classif-5,HistGB_tuned,HistGradientBoostingClassifier,5,0.76,0.1236,0.6942,0.7405,0.7121,0.7,0.758,0.7333,0.5333,0.8,0.8667,0.8667
174,selectfrommodel_rf_5,SelectFromModel-RF-5,QDA_default,QuadraticDiscriminantAnalysis,5,0.7467,0.0653,0.7029,0.7378,0.733,0.72,0.8,0.6667,0.7333,0.8667,0.7333,0.7333
175,selectfrommodel_rf_5,SelectFromModel-RF-5,LDA_solver_svd,LinearDiscriminantAnalysis,5,0.7467,0.098,0.6738,0.7234,0.742,0.68,0.836,0.6667,0.6,0.8,0.8,0.8667
176,selectfrommodel_rf_5,SelectFromModel-RF-5,LDA_default,LinearDiscriminantAnalysis,5,0.7467,0.098,0.6738,0.7234,0.742,0.68,0.836,0.6667,0.6,0.8,0.8,0.8667
177,selectfrommodel_rf_5,SelectFromModel-RF-5,LR_l1,LogisticRegression,5,0.7467,0.1543,0.6595,0.7159,0.6965,0.67,0.832,0.6,0.5333,0.8667,0.9333,0.8
178,pca_10,PCA-10,MLP_medium,MLPClassifier,10,0.7467,0.0884,0.7078,0.7386,0.7578,0.72,0.8,0.7333,0.7333,0.8667,0.6,0.8
179,selectfrommodel_rf_5,SelectFromModel-RF-5,LDA_solver_lsqr,LinearDiscriminantAnalysis,5,0.7467,0.1147,0.6593,0.716,0.7308,0.67,0.848,0.6667,0.6,0.8,0.9333,0.7333
180,selectfrommodel_rf_10,SelectFromModel-RF-10,GB_tuned,GradientBoostingClassifier,10,0.7467,0.0777,0.7151,0.7451,0.7253,0.72,0.768,0.8667,0.6667,0.6667,0.8,0.7333
181,selectfrommodel_rf_10,SelectFromModel-RF-10,Ridge_default,RidgeClassifier,10,0.7467,0.136,0.6814,0.7293,0.7026,0.68,0.856,0.6,0.6,0.8667,0.9333,0.7333
182,selectfrommodel_rf_10,SelectFromModel-RF-10,LDA_solver_svd,LinearDiscriminantAnalysis,10,0.7467,0.136,0.6814,0.7293,0.7026,0.68,0.86,0.6,0.6,0.8667,0.9333,0.7333
183,selectfrommodel_xgb_5,SelectFromModel-XGB-5,GB_default,GradientBoostingClassifier,5,0.7467,0.1067,0.6949,0.7346,0.7492,0.7,0.778,0.6,0.8667,0.8667,0.6667,0.7333
184,selectfrommodel_xgb_5,SelectFromModel-XGB-5,LGBM_tuned,LGBMClassifier,5,0.7467,0.098,0.6963,0.7349,0.7395,0.7,0.844,0.6,0.8,0.8667,0.6667,0.8
185,selectfrommodel_xgb_5,SelectFromModel-XGB-5,CatBoost_default,CatBoostClassifier,5,0.7467,0.0499,0.6816,0.7262,0.7502,0.69,0.86,0.7333,0.6667,0.8,0.7333,0.8
186,selectfrommodel_xgb_5,SelectFromModel-XGB-5,LR_l1,LogisticRegression,5,0.7467,0.1543,0.6614,0.7179,0.7127,0.66,0.852,0.5333,0.6,0.8667,0.9333,0.8
187,selectfrommodel_xgb_5,SelectFromModel-XGB-5,MLP_small,MLPClassifier,5,0.7467,0.0777,0.6884,0.7319,0.7106,0.7,0.796,0.6667,0.6667,0.8667,0.8,0.7333
188,selectkbest_mutual_info_10,SelectKBest-mutual_info-10,DT_entropy,DecisionTreeClassifier,10,0.7467,0.0499,0.6988,0.7361,0.7503,0.71,0.71,0.6667,0.8,0.8,0.7333,0.7333
189,selectfrommodel_xgb_5,SelectFromModel-XGB-5,LR_default,LogisticRegression,5,0.7467,0.1424,0.6639,0.7188,0.6758,0.68,0.832,0.5333,0.6667,0.8667,0.9333,0.7333
190,selectfrommodel_xgb_5,SelectFromModel-XGB-5,KNN_weighted,KNeighborsClassifier,5,0.7467,0.0777,0.7071,0.7337,0.8018,0.73,0.826,0.8,0.7333,0.8,0.6,0.8
191,selectfrommodel_xgb_5,SelectFromModel-XGB-5,LR_l2,LogisticRegression,5,0.7467,0.1543,0.6454,0.7082,0.709,0.66,0.84,0.5333,0.6667,0.8,1.0,0.7333
192,selectfrommodel_xgb_5,SelectFromModel-XGB-5,LDA_solver_lsqr,LinearDiscriminantAnalysis,5,0.7467,0.098,0.6738,0.7234,0.742,0.68,0.84,0.6,0.6667,0.8667,0.8,0.8
193,selectfrommodel_xgb_5,SelectFromModel-XGB-5,LDA_solver_svd,LinearDiscriminantAnalysis,5,0.7467,0.1147,0.6798,0.7268,0.7143,0.69,0.816,0.6,0.6667,0.9333,0.8,0.7333
194,selectfrommodel_xgb_5,SelectFromModel-XGB-5,LDA_default,LinearDiscriminantAnalysis,5,0.7467,0.1147,0.6798,0.7268,0.7143,0.69,0.816,0.6,0.6667,0.9333,0.8,0.7333
195,selectkbest_mutual_info_10,SelectKBest-mutual_info-10,MLP_small,MLPClassifier,10,0.7467,0.0777,0.697,0.7364,0.7405,0.7,0.808,0.7333,0.6667,0.8667,0.6667,0.8
196,selectkbest_mutual_info_10,SelectKBest-mutual_info-10,SVM_rbf,SVC,10,0.7467,0.098,0.6497,0.7105,0.7242,0.65,0.848,0.6,0.6667,0.8,0.8667,0.8
197,selectfrommodel_rf_10,SelectFromModel-RF-10,LR_l1,LogisticRegression,10,0.7467,0.1857,0.6726,0.7238,0.6971,0.68,0.852,0.5333,0.5333,0.8667,1.0,0.8
198,selectfrommodel_rf_10,SelectFromModel-RF-10,LDA_default,LinearDiscriminantAnalysis,10,0.7467,0.136,0.6814,0.7293,0.7026,0.68,0.86,0.6,0.6,0.8667,0.9333,0.7333
199,selectfrommodel_rf_5,SelectFromModel-RF-5,LGBM_default,LGBMClassifier,5,0.7467,0.1424,0.7232,0.7479,0.7509,0.72,0.816,0.8667,0.6667,0.7333,0.5333,0.9333
200,selectfrommodel_rf_10,SelectFromModel-RF-10,LGBM_tuned,LGBMClassifier,10,0.7467,0.1147,0.6958,0.7364,0.7444,0.69,0.776,0.5333,0.7333,0.8667,0.8,0.8
201,selectfrommodel_xgb_5,SelectFromModel-XGB-5,DT_entropy,DecisionTreeClassifier,5,0.7467,0.0499,0.6906,0.7319,0.752,0.7,0.7,0.7333,0.8,0.8,0.6667,0.7333
202,selectfrommodel_rf_10,SelectFromModel-RF-10,Ridge_alpha1,RidgeClassifier,10,0.7467,0.136,0.6814,0.7293,0.7026,0.68,0.856,0.6,0.6,0.8667,0.9333,0.7333
203,selectfrommodel_rf_10,SelectFromModel-RF-10,SVM_rbf_tuned,SVC,10,0.7467,0.1147,0.7154,0.7402,0.7652,0.73,0.82,0.8,0.7333,0.8667,0.5333,0.8
204,selectfrommodel_rf_10,SelectFromModel-RF-10,KNN_7,KNeighborsClassifier,10,0.7467,0.1067,0.7124,0.743,0.7381,0.72,0.814,0.7333,0.6,0.7333,0.7333,0.9333
205,selectfrommodel_rf_5,SelectFromModel-RF-5,DT_entropy,DecisionTreeClassifier,5,0.7467,0.1067,0.7247,0.7486,0.7469,0.73,0.73,0.7333,0.6667,0.8667,0.6,0.8667
206,selectfrommodel_rf_5,SelectFromModel-RF-5,DT_pruned,DecisionTreeClassifier,5,0.7467,0.0499,0.7027,0.7367,0.7583,0.72,0.728,0.8,0.6667,0.8,0.7333,0.7333
207,selectfrommodel_xgb_10,SelectFromModel-XGB-10,LGBM_tuned,LGBMClassifier,10,0.7467,0.098,0.6963,0.7349,0.7395,0.7,0.844,0.6,0.8,0.8667,0.6667,0.8
208,selectfrommodel_xgb_10,SelectFromModel-XGB-10,CatBoost_default,CatBoostClassifier,10,0.7467,0.0499,0.6816,0.7262,0.7502,0.69,0.86,0.7333,0.6667,0.8,0.7333,0.8
209,selectfrommodel_xgb_10,SelectFromModel-XGB-10,GB_default,GradientBoostingClassifier,10,0.7467,0.1067,0.6949,0.7346,0.7492,0.7,0.778,0.6,0.8667,0.8667,0.6667,0.7333
210,selectfrommodel_xgb_10,SelectFromModel-XGB-10,DT_entropy,DecisionTreeClassifier,10,0.7467,0.0499,0.6906,0.7319,0.752,0.7,0.7,0.7333,0.8,0.8,0.6667,0.7333
211,none,No Reduction,Ridge_alpha1,RidgeClassifier,14,0.7467,0.136,0.6829,0.73,0.695,0.69,0.808,0.6,0.6,0.8667,0.9333,0.7333
212,pca_5,PCA-5,RF_tuned,RandomForestClassifier,5,0.7467,0.1067,0.6893,0.7307,0.7379,0.7,0.788,0.6667,0.6667,0.9333,0.6667,0.8
213,selectkbest_f_classif_5,SelectKBest-f_classif-5,Ridge_alpha1,RidgeClassifier,5,0.7467,0.1147,0.6495,0.7106,0.7585,0.65,0.808,0.6667,0.6,0.8,0.9333,0.7333
214,selectkbest_f_classif_5,SelectKBest-f_classif-5,Ridge_default,RidgeClassifier,5,0.7467,0.1147,0.6495,0.7106,0.7585,0.65,0.808,0.6667,0.6,0.8,0.9333,0.7333
215,selectkbest_f_classif_10,SelectKBest-f_classif-10,DT_entropy,DecisionTreeClassifier,10,0.7467,0.0777,0.7086,0.7426,0.729,0.71,0.71,0.8667,0.6667,0.8,0.7333,0.6667
216,selectkbest_f_classif_10,SelectKBest-f_classif-10,HistGB_tuned,HistGradientBoostingClassifier,10,0.7467,0.0777,0.7147,0.7458,0.7357,0.71,0.766,0.6667,0.7333,0.8,0.6667,0.8667
217,pca_5,PCA-5,KNN_3,KNeighborsClassifier,5,0.7467,0.1067,0.7089,0.7399,0.7344,0.72,0.812,0.7333,0.7333,0.9333,0.6,0.7333
218,pca_5,PCA-5,SVM_rbf_tuned,SVC,5,0.7467,0.0884,0.7009,0.7342,0.7675,0.72,0.872,0.8,0.7333,0.8667,0.6,0.7333
219,pca_5,PCA-5,CatBoost_tuned,CatBoostClassifier,5,0.7467,0.1067,0.7132,0.7447,0.7321,0.72,0.772,0.6,0.6667,0.8667,0.7333,0.8667
220,pca_10,PCA-10,HistGB_default,HistGradientBoostingClassifier,10,0.7467,0.1067,0.6654,0.7182,0.7035,0.69,0.75,0.6667,0.6667,0.8,0.9333,0.6667
221,selectkbest_f_classif_10,SelectKBest-f_classif-10,QDA_reg,QuadraticDiscriminantAnalysis,10,0.7467,0.0777,0.72,0.744,0.7628,0.74,0.836,0.7333,0.8,0.8,0.6,0.8
222,none,No Reduction,GB_default,GradientBoostingClassifier,14,0.7467,0.0777,0.7059,0.7393,0.7205,0.72,0.844,0.8667,0.6667,0.8,0.6667,0.7333
223,none,No Reduction,MLP_medium,MLPClassifier,14,0.7467,0.1147,0.7026,0.735,0.7671,0.72,0.8,0.8,0.6667,0.9333,0.6,0.7333
224,none,No Reduction,Ridge_default,RidgeClassifier,14,0.7467,0.136,0.6829,0.73,0.695,0.69,0.808,0.6,0.6,0.8667,0.9333,0.7333
225,selectkbest_mutual_info_5,SelectKBest-mutual_info-5,RF_tuned,RandomForestClassifier,5,0.7467,0.0499,0.7055,0.74,0.7466,0.71,0.784,0.7333,0.6667,0.7333,0.8,0.8
226,selectkbest_mutual_info_5,SelectKBest-mutual_info-5,DT_entropy,DecisionTreeClassifier,5,0.7467,0.0777,0.704,0.7372,0.7605,0.72,0.72,0.6667,0.8,0.6667,0.8667,0.7333
227,selectfrommodel_xgb_10,SelectFromModel-XGB-10,MLP_small,MLPClassifier,10,0.7467,0.0777,0.6884,0.7319,0.7106,0.7,0.796,0.6667,0.6667,0.8667,0.8,0.7333
228,selectkbest_mutual_info_5,SelectKBest-mutual_info-5,XGB_tuned,XGBClassifier,5,0.7467,0.0653,0.6993,0.7361,0.7538,0.71,0.78,0.6667,0.7333,0.7333,0.8667,0.7333
229,selectkbest_mutual_info_5,SelectKBest-mutual_info-5,LGBM_tuned,LGBMClassifier,5,0.7467,0.0777,0.6488,0.7095,0.7062,0.66,0.87,0.6,0.8,0.8,0.8,0.7333
230,selectkbest_mutual_info_5,SelectKBest-mutual_info-5,CatBoost_tuned,CatBoostClassifier,5,0.7467,0.0653,0.6951,0.7324,0.7635,0.71,0.792,0.7333,0.7333,0.6667,0.8667,0.7333
231,selectkbest_mutual_info_5,SelectKBest-mutual_info-5,HistGB_default,HistGradientBoostingClassifier,5,0.7467,0.0777,0.6471,0.7051,0.714,0.67,0.848,0.6667,0.8,0.6667,0.8667,0.7333
232,selectfrommodel_xgb_10,SelectFromModel-XGB-10,LDA_solver_lsqr,LinearDiscriminantAnalysis,10,0.7467,0.098,0.6738,0.7234,0.742,0.68,0.84,0.6,0.6667,0.8667,0.8,0.8
233,selectfrommodel_xgb_10,SelectFromModel-XGB-10,LDA_default,LinearDiscriminantAnalysis,10,0.7467,0.1147,0.6798,0.7268,0.7143,0.69,0.816,0.6,0.6667,0.9333,0.8,0.7333
234,selectfrommodel_xgb_10,SelectFromModel-XGB-10,LDA_solver_svd,LinearDiscriminantAnalysis,10,0.7467,0.1147,0.6798,0.7268,0.7143,0.69,0.816,0.6,0.6667,0.9333,0.8,0.7333
235,selectfrommodel_xgb_10,SelectFromModel-XGB-10,KNN_weighted,KNeighborsClassifier,10,0.7467,0.0777,0.7071,0.7337,0.8018,0.73,0.826,0.8,0.7333,0.8,0.6,0.8
236,selectkbest_f_classif_5,SelectKBest-f_classif-5,LDA_solver_lsqr,LinearDiscriminantAnalysis,5,0.7467,0.098,0.665,0.7192,0.7445,0.67,0.84,0.6667,0.6,0.8,0.8667,0.8
237,pca_10,PCA-10,Ridge_alpha1,RidgeClassifier,10,0.7467,0.16,0.6745,0.7247,0.6907,0.69,0.816,0.6,0.6,0.8667,1.0,0.6667
238,pca_10,PCA-10,HistGB_tuned,HistGradientBoostingClassifier,10,0.7467,0.0884,0.6526,0.7106,0.7044,0.68,0.764,0.7333,0.6,0.8667,0.8,0.7333
239,pca_10,PCA-10,SVM_rbf_tuned,SVC,10,0.7467,0.1147,0.7137,0.7427,0.7541,0.72,0.816,0.8,0.7333,0.8667,0.5333,0.8
240,pca_10,PCA-10,Ridge_default,RidgeClassifier,10,0.7467,0.16,0.6745,0.7247,0.6907,0.69,0.816,0.6,0.6,0.8667,1.0,0.6667
241,selectkbest_f_classif_5,SelectKBest-f_classif-5,LR_l1,LogisticRegression,5,0.7467,0.1147,0.6495,0.7106,0.7585,0.65,0.84,0.6667,0.6,0.8,0.9333,0.7333
242,pca_5,PCA-5,MLP_medium,MLPClassifier,5,0.7467,0.1067,0.7089,0.7399,0.7344,0.72,0.76,0.7333,0.7333,0.9333,0.6,0.7333
243,selectfrommodel_xgb_10,SelectFromModel-XGB-10,LR_l1,LogisticRegression,10,0.7467,0.1543,0.6614,0.7179,0.7127,0.66,0.852,0.5333,0.6,0.8667,0.9333,0.8
244,selectfrommodel_xgb_10,SelectFromModel-XGB-10,LR_default,LogisticRegression,10,0.7467,0.1424,0.6639,0.7188,0.6758,0.68,0.832,0.5333,0.6667,0.8667,0.9333,0.7333
245,selectfrommodel_xgb_10,SelectFromModel-XGB-10,LR_l2,LogisticRegression,10,0.7467,0.1543,0.6454,0.7082,0.709,0.66,0.84,0.5333,0.6667,0.8,1.0,0.7333
246,selectkbest_mutual_info_5,SelectKBest-mutual_info-5,LDA_solver_lsqr,LinearDiscriminantAnalysis,5,0.7333,0.0596,0.5917,0.6715,0.7112,0.61,0.784,0.6667,0.7333,0.8,0.8,0.6667
247,selectfrommodel_rf_5,SelectFromModel-RF-5,CatBoost_default,CatBoostClassifier,5,0.7333,0.1193,0.6842,0.7187,0.7362,0.69,0.8,0.8,0.6667,0.8,0.5333,0.8667
248,selectkbest_mutual_info_10,SelectKBest-mutual_info-10,KNN_7,KNeighborsClassifier,10,0.7333,0.073,0.6879,0.7233,0.7432,0.69,0.808,0.7333,0.7333,0.8,0.6,0.8
249,selectkbest_mutual_info_5,SelectKBest-mutual_info-5,SVM_linear,SVC,5,0.7333,0.073,0.5965,0.6747,0.761,0.61,0.852,0.6,0.7333,0.8,0.8,0.7333
250,selectfrommodel_xgb_10,SelectFromModel-XGB-10,MLP_medium,MLPClassifier,10,0.7333,0.0843,0.6818,0.7202,0.747,0.7,0.764,0.7333,0.7333,0.8667,0.6,0.7333
251,selectkbest_f_classif_10,SelectKBest-f_classif-10,Ridge_alpha1,RidgeClassifier,10,0.7333,0.152,0.6532,0.7084,0.6641,0.66,0.824,0.5333,0.6,0.8667,0.9333,0.7333
252,selectkbest_mutual_info_5,SelectKBest-mutual_info-5,MLP_small,MLPClassifier,5,0.7333,0.1116,0.6638,0.7136,0.7402,0.66,0.816,0.5333,0.7333,0.8,0.8667,0.7333
253,selectfrommodel_xgb_5,SelectFromModel-XGB-5,Ridge_alpha1,RidgeClassifier,5,0.7333,0.0943,0.6616,0.7118,0.7067,0.67,0.82,0.6,0.6667,0.8667,0.8,0.7333
254,selectfrommodel_xgb_5,SelectFromModel-XGB-5,MLP_medium,MLPClassifier,5,0.7333,0.0843,0.6818,0.7202,0.747,0.7,0.764,0.7333,0.7333,0.8667,0.6,0.7333
255,selectfrommodel_xgb_10,SelectFromModel-XGB-10,Ridge_alpha1,RidgeClassifier,10,0.7333,0.0943,0.6616,0.7118,0.7067,0.67,0.82,0.6,0.6667,0.8667,0.8,0.7333
256,selectfrommodel_xgb_10,SelectFromModel-XGB-10,Ridge_default,RidgeClassifier,10,0.7333,0.0943,0.6616,0.7118,0.7067,0.67,0.82,0.6,0.6667,0.8667,0.8,0.7333
257,selectkbest_f_classif_10,SelectKBest-f_classif-10,LDA_solver_svd,LinearDiscriminantAnalysis,10,0.7333,0.152,0.6532,0.7084,0.6641,0.66,0.82,0.5333,0.6,0.8667,0.9333,0.7333
258,selectkbest_mutual_info_5,SelectKBest-mutual_info-5,DT_pruned,DecisionTreeClassifier,5,0.7333,0.0422,0.6817,0.7215,0.7407,0.69,0.738,0.7333,0.6667,0.7333,0.8,0.7333
259,pca_5,PCA-5,LR_l2,LogisticRegression,5,0.7333,0.0843,0.6376,0.6972,0.6798,0.66,0.792,0.6667,0.6,0.8,0.8,0.8
260,pca_5,PCA-5,LR_default,LogisticRegression,5,0.7333,0.0843,0.6421,0.6993,0.6785,0.67,0.804,0.6667,0.6,0.8,0.8,0.8
261,pca_5,PCA-5,LR_l1,LogisticRegression,5,0.7333,0.0843,0.6376,0.6972,0.6798,0.66,0.808,0.6667,0.6,0.8,0.8,0.8
262,selectkbest_f_classif_5,SelectKBest-f_classif-5,KNN_3,KNeighborsClassifier,5,0.7333,0.0943,0.677,0.7168,0.7386,0.69,0.71,0.7333,0.6,0.8667,0.6667,0.8
263,pca_10,PCA-10,DT_entropy,DecisionTreeClassifier,10,0.7333,0.152,0.6711,0.712,0.7734,0.68,0.68,0.8,0.7333,0.9333,0.4667,0.7333
264,selectkbest_f_classif_5,SelectKBest-f_classif-5,SVM_rbf_tuned,SVC,5,0.7333,0.1193,0.661,0.7119,0.7148,0.66,0.76,0.6667,0.6,0.9333,0.6667,0.8
265,pca_10,PCA-10,GB_default,GradientBoostingClassifier,10,0.7333,0.1687,0.6818,0.7202,0.7488,0.69,0.72,0.4667,0.7333,1.0,0.7333,0.7333
266,selectkbest_f_classif_5,SelectKBest-f_classif-5,LDA_solver_svd,LinearDiscriminantAnalysis,5,0.7333,0.0943,0.6353,0.6977,0.7376,0.64,0.804,0.6667,0.6,0.8,0.8667,0.7333
267,selectkbest_f_classif_10,SelectKBest-f_classif-10,DT_pruned,DecisionTreeClassifier,10,0.7333,0.0422,0.7134,0.7368,0.7218,0.73,0.728,0.7333,0.6667,0.7333,0.8,0.7333
268,selectkbest_mutual_info_5,SelectKBest-mutual_info-5,SVM_rbf_tuned,SVC,5,0.7333,0.073,0.6509,0.7064,0.7452,0.65,0.748,0.6,0.7333,0.8,0.8,0.7333
269,selectkbest_f_classif_10,SelectKBest-f_classif-10,LDA_solver_lsqr,LinearDiscriminantAnalysis,10,0.7333,0.1333,0.6447,0.7035,0.6702,0.65,0.824,0.5333,0.6667,0.8,0.9333,0.7333
270,none,No Reduction,DT_pruned,DecisionTreeClassifier,14,0.7333,0.0422,0.702,0.7335,0.7029,0.71,0.704,0.8,0.6667,0.7333,0.7333,0.7333
271,selectkbest_mutual_info_10,SelectKBest-mutual_info-10,LGBM_tuned,LGBMClassifier,10,0.7333,0.1033,0.6674,0.7144,0.6955,0.68,0.828,0.5333,0.8,0.8,0.7333,0.8
272,selectkbest_mutual_info_10,SelectKBest-mutual_info-10,GB_tuned,GradientBoostingClassifier,10,0.7333,0.073,0.7113,0.7367,0.7282,0.72,0.748,0.7333,0.6667,0.7333,0.6667,0.8667
273,selectfrommodel_xgb_5,SelectFromModel-XGB-5,SVM_rbf_tuned,SVC,5,0.7333,0.0422,0.6692,0.7121,0.7487,0.7,0.812,0.6667,0.7333,0.8,0.7333,0.7333
274,selectfrommodel_xgb_5,SelectFromModel-XGB-5,Ridge_default,RidgeClassifier,5,0.7333,0.0943,0.6616,0.7118,0.7067,0.67,0.82,0.6,0.6667,0.8667,0.8,0.7333
275,pca_10,PCA-10,LGBM_tuned,LGBMClassifier,10,0.7333,0.0943,0.6428,0.7007,0.6522,0.67,0.73,0.7333,0.6,0.8667,0.8,0.6667
276,pca_10,PCA-10,GB_tuned,GradientBoostingClassifier,10,0.7333,0.1398,0.7049,0.7343,0.7299,0.7,0.726,0.6,0.8667,0.9333,0.6,0.6667
277,pca_10,PCA-10,XGB_tuned,XGBClassifier,10,0.7333,0.0943,0.6597,0.7098,0.662,0.68,0.804,0.7333,0.6,0.8667,0.6667,0.8
278,pca_10,PCA-10,XGB_default,XGBClassifier,10,0.7333,0.0843,0.6553,0.7071,0.6637,0.68,0.8,0.7333,0.6,0.8667,0.7333,0.7333
279,selectkbest_f_classif_5,SelectKBest-f_classif-5,LDA_default,LinearDiscriminantAnalysis,5,0.7333,0.0943,0.6353,0.6977,0.7376,0.64,0.804,0.6667,0.6,0.8,0.8667,0.7333
280,selectkbest_f_classif_10,SelectKBest-f_classif-10,DT_default,DecisionTreeClassifier,10,0.7333,0.0422,0.7134,0.7368,0.7218,0.73,0.73,0.7333,0.6667,0.7333,0.8,0.7333
281,pca_5,PCA-5,GB_default,GradientBoostingClassifier,5,0.7333,0.1116,0.6849,0.7231,0.7183,0.69,0.78,0.6,0.6667,0.8667,0.6667,0.8667
282,selectkbest_f_classif_5,SelectKBest-f_classif-5,MLP_medium,MLPClassifier,5,0.7333,0.073,0.675,0.719,0.7188,0.68,0.78,0.8,0.6,0.8,0.7333,0.7333
283,pca_5,PCA-5,XGB_default,XGBClassifier,5,0.7333,0.0943,0.653,0.7049,0.6886,0.67,0.804,0.7333,0.6,0.8667,0.6667,0.8
284,pca_5,PCA-5,LGBM_tuned,LGBMClassifier,5,0.7333,0.0943,0.6426,0.6997,0.6765,0.67,0.736,0.8,0.6,0.7333,0.8667,0.6667
285,selectkbest_f_classif_10,SelectKBest-f_classif-10,GB_default,GradientBoostingClassifier,10,0.7333,0.0422,0.7009,0.7317,0.7129,0.71,0.848,0.7333,0.7333,0.8,0.6667,0.7333
286,selectkbest_mutual_info_5,SelectKBest-mutual_info-5,HistGB_tuned,HistGradientBoostingClassifier,5,0.7333,0.0596,0.6336,0.6926,0.6874,0.66,0.882,0.6667,0.8,0.6667,0.8,0.7333
287,selectkbest_f_classif_10,SelectKBest-f_classif-10,LDA_default,LinearDiscriminantAnalysis,10,0.7333,0.152,0.6532,0.7084,0.6641,0.66,0.82,0.5333,0.6,0.8667,0.9333,0.7333
288,none,No Reduction,CatBoost_default,CatBoostClassifier,14,0.7333,0.0422,0.6521,0.706,0.7338,0.66,0.84,0.7333,0.6667,0.8,0.7333,0.7333
289,selectkbest_f_classif_10,SelectKBest-f_classif-10,Ridge_default,RidgeClassifier,10,0.7333,0.152,0.6532,0.7084,0.6641,0.66,0.824,0.5333,0.6,0.8667,0.9333,0.7333
290,selectfrommodel_xgb_10,SelectFromModel-XGB-10,SVM_rbf_tuned,SVC,10,0.7333,0.0422,0.6692,0.7121,0.7487,0.7,0.812,0.6667,0.7333,0.8,0.7333,0.7333
291,selectkbest_mutual_info_5,SelectKBest-mutual_info-5,SVM_rbf,SVC,5,0.7333,0.0422,0.5741,0.6607,0.7579,0.6,0.808,0.6667,0.7333,0.8,0.7333,0.7333
292,none,No Reduction,LGBM_tuned,LGBMClassifier,14,0.72,0.136,0.6774,0.715,0.7132,0.67,0.772,0.5333,0.7333,0.8667,0.6,0.8667
293,selectkbest_mutual_info_5,SelectKBest-mutual_info-5,KNN_7,KNeighborsClassifier,5,0.72,0.1147,0.6474,0.699,0.7128,0.65,0.754,0.6667,0.6,0.6667,0.9333,0.7333
294,pca_5,PCA-5,DT_default,DecisionTreeClassifier,5,0.72,0.1293,0.6853,0.7191,0.6907,0.69,0.69,0.6,0.6667,0.9333,0.6,0.8
295,selectkbest_mutual_info_5,SelectKBest-mutual_info-5,CatBoost_default,CatBoostClassifier,5,0.72,0.0884,0.6003,0.6715,0.6614,0.62,0.824,0.6667,0.6,0.7333,0.8667,0.7333
296,selectkbest_mutual_info_5,SelectKBest-mutual_info-5,LGBM_default,LGBMClassifier,5,0.72,0.0777,0.6286,0.6859,0.6851,0.65,0.858,0.6,0.8,0.6667,0.8,0.7333
297,selectfrommodel_xgb_10,SelectFromModel-XGB-10,SVM_linear,SVC,10,0.72,0.1067,0.6565,0.7041,0.6742,0.67,0.852,0.6,0.6,0.8667,0.8,0.7333
298,selectfrommodel_xgb_10,SelectFromModel-XGB-10,RF_extratrees,ExtraTreesClassifier,10,0.72,0.0884,0.6524,0.6997,0.7199,0.67,0.832,0.6667,0.7333,0.8667,0.6,0.7333
299,pca_5,PCA-5,HistGB_tuned,HistGradientBoostingClassifier,5,0.72,0.0777,0.6275,0.6874,0.6363,0.65,0.716,0.7333,0.6,0.8,0.8,0.6667
300,selectkbest_f_classif_5,SelectKBest-f_classif-5,KNN_7,KNeighborsClassifier,5,0.72,0.098,0.6469,0.699,0.6939,0.65,0.77,0.6667,0.6,0.8667,0.6667,0.8
301,pca_5,PCA-5,LGBM_default,LGBMClassifier,5,0.72,0.0884,0.6259,0.6866,0.6366,0.65,0.732,0.7333,0.6,0.7333,0.8667,0.6667
302,pca_5,PCA-5,HistGB_default,HistGradientBoostingClassifier,5,0.72,0.0653,0.6204,0.6832,0.6729,0.64,0.774,0.7333,0.6,0.7333,0.8,0.7333
303,pca_5,PCA-5,RF_default,RandomForestClassifier,5,0.72,0.0777,0.6463,0.6964,0.7191,0.66,0.798,0.6667,0.6667,0.8667,0.6667,0.7333
304,pca_10,PCA-10,LGBM_default,LGBMClassifier,10,0.72,0.1067,0.6209,0.6821,0.6696,0.66,0.752,0.6,0.6,0.8,0.8667,0.7333
305,selectkbest_f_classif_5,SelectKBest-f_classif-5,KNN_weighted,KNeighborsClassifier,5,0.72,0.0653,0.6627,0.7074,0.6835,0.67,0.722,0.7333,0.6,0.8,0.7333,0.7333
306,selectkbest_f_classif_5,SelectKBest-f_classif-5,SVM_linear,SVC,5,0.72,0.0777,0.5826,0.6617,0.6919,0.6,0.856,0.6667,0.6,0.8,0.8,0.7333
307,selectfrommodel_xgb_5,SelectFromModel-XGB-5,SVM_linear,SVC,5,0.72,0.1067,0.6565,0.7041,0.6742,0.67,0.852,0.6,0.6,0.8667,0.8,0.7333
308,selectkbest_mutual_info_5,SelectKBest-mutual_info-5,LDA_default,LinearDiscriminantAnalysis,5,0.72,0.098,0.6144,0.6808,0.7268,0.62,0.816,0.5333,0.7333,0.8,0.8,0.7333
309,selectfrommodel_rf_5,SelectFromModel-RF-5,MLP_medium,MLPClassifier,5,0.72,0.1485,0.6853,0.7155,0.7044,0.69,0.776,0.7333,0.6667,0.8667,0.4667,0.8667
310,selectkbest_f_classif_5,SelectKBest-f_classif-5,XGB_tuned,XGBClassifier,5,0.72,0.0777,0.6649,0.7062,0.6859,0.69,0.74,0.6667,0.6,0.8,0.7333,0.8
311,selectfrommodel_rf_5,SelectFromModel-RF-5,Ridge_alpha1,RidgeClassifier,5,0.72,0.098,0.6202,0.6828,0.6806,0.64,0.836,0.6,0.6,0.8,0.8,0.8
312,selectfrommodel_rf_5,SelectFromModel-RF-5,LGBM_tuned,LGBMClassifier,5,0.72,0.1759,0.6862,0.7173,0.7115,0.68,0.788,0.7333,0.7333,0.8,0.4,0.9333
313,selectfrommodel_xgb_5,SelectFromModel-XGB-5,RF_extratrees,ExtraTreesClassifier,5,0.72,0.0884,0.6524,0.6997,0.7199,0.67,0.832,0.6667,0.7333,0.8667,0.6,0.7333
314,selectfrommodel_rf_5,SelectFromModel-RF-5,XGB_default,XGBClassifier,5,0.72,0.0499,0.6611,0.7038,0.7518,0.67,0.836,0.7333,0.7333,0.6667,0.6667,0.8
315,selectkbest_mutual_info_5,SelectKBest-mutual_info-5,LR_l1,LogisticRegression,5,0.72,0.0777,0.6232,0.6863,0.748,0.62,0.832,0.6,0.6667,0.8,0.8,0.7333
316,selectkbest_mutual_info_5,SelectKBest-mutual_info-5,LDA_solver_svd,LinearDiscriminantAnalysis,5,0.72,0.098,0.6144,0.6808,0.7268,0.62,0.816,0.5333,0.7333,0.8,0.8,0.7333
317,selectfrommodel_rf_5,SelectFromModel-RF-5,Ridge_default,RidgeClassifier,5,0.72,0.098,0.6202,0.6828,0.6806,0.64,0.836,0.6,0.6,0.8,0.8,0.8
318,selectfrommodel_rf_5,SelectFromModel-RF-5,KNN_7,KNeighborsClassifier,5,0.7067,0.0533,0.6394,0.6855,0.6853,0.66,0.756,0.7333,0.6667,0.8,0.6667,0.6667
319,selectkbest_mutual_info_5,SelectKBest-mutual_info-5,Ridge_default,RidgeClassifier,5,0.7067,0.0998,0.5813,0.6576,0.706,0.59,0.816,0.5333,0.6667,0.8,0.8,0.7333
320,selectfrommodel_rf_5,SelectFromModel-RF-5,KNN_3,KNeighborsClassifier,5,0.7067,0.1497,0.649,0.6904,0.6859,0.66,0.712,0.7333,0.6667,0.9333,0.4667,0.7333
321,selectkbest_f_classif_5,SelectKBest-f_classif-5,RF_default,RandomForestClassifier,5,0.7067,0.068,0.6504,0.6944,0.6746,0.66,0.718,0.7333,0.6,0.8,0.6667,0.7333
322,selectfrommodel_rf_5,SelectFromModel-RF-5,KNN_5,KNeighborsClassifier,5,0.7067,0.1083,0.6506,0.6922,0.7039,0.66,0.778,0.6,0.6667,0.8667,0.6,0.8
323,selectfrommodel_rf_10,SelectFromModel-RF-10,DT_default,DecisionTreeClassifier,10,0.7067,0.068,0.6818,0.7109,0.6812,0.69,0.69,0.6667,0.6,0.8,0.7333,0.7333
324,selectkbest_f_classif_5,SelectKBest-f_classif-5,XGB_default,XGBClassifier,5,0.7067,0.068,0.6524,0.6936,0.675,0.68,0.724,0.6667,0.6,0.7333,0.7333,0.8
325,selectkbest_mutual_info_5,SelectKBest-mutual_info-5,KNN_5,KNeighborsClassifier,5,0.7067,0.0904,0.6384,0.6877,0.6893,0.65,0.77,0.6,0.6,0.7333,0.8,0.8
326,selectkbest_mutual_info_5,SelectKBest-mutual_info-5,KNN_3,KNeighborsClassifier,5,0.7067,0.1162,0.6276,0.6823,0.6565,0.65,0.744,0.5333,0.6,0.8,0.8,0.8
327,selectkbest_f_classif_5,SelectKBest-f_classif-5,KNN_5,KNeighborsClassifier,5,0.7067,0.08,0.6338,0.6864,0.6795,0.64,0.722,0.6667,0.6,0.8,0.6667,0.8
328,selectkbest_mutual_info_5,SelectKBest-mutual_info-5,RF_extratrees,ExtraTreesClassifier,5,0.7067,0.1083,0.669,0.7042,0.7026,0.67,0.722,0.6,0.6667,0.6,0.8667,0.8
329,selectkbest_mutual_info_5,SelectKBest-mutual_info-5,Ridge_alpha1,RidgeClassifier,5,0.7067,0.0998,0.5813,0.6576,0.706,0.59,0.816,0.5333,0.6667,0.8,0.8,0.7333
330,selectkbest_mutual_info_5,SelectKBest-mutual_info-5,LR_l2,LogisticRegression,5,0.7067,0.0998,0.5813,0.6576,0.706,0.59,0.82,0.5333,0.6667,0.8,0.8,0.7333
331,pca_5,PCA-5,DT_pruned,DecisionTreeClassifier,5,0.7067,0.1436,0.6736,0.7061,0.6818,0.68,0.7,0.6,0.6667,0.9333,0.5333,0.8
332,selectfrommodel_xgb_5,SelectFromModel-XGB-5,DT_default,DecisionTreeClassifier,5,0.6933,0.1083,0.6359,0.6801,0.6936,0.65,0.65,0.5333,0.8667,0.6667,0.6667,0.7333
333,selectfrommodel_xgb_5,SelectFromModel-XGB-5,DT_pruned,DecisionTreeClassifier,5,0.6933,0.1083,0.6359,0.6801,0.6936,0.65,0.646,0.5333,0.8667,0.6667,0.6667,0.7333
334,selectkbest_f_classif_5,SelectKBest-f_classif-5,RF_tuned,RandomForestClassifier,5,0.6933,0.068,0.6254,0.6754,0.6522,0.64,0.724,0.6667,0.6,0.8,0.6667,0.7333
335,pca_10,PCA-10,NB_bernoulli,BernoulliNB,10,0.6933,0.1162,0.577,0.6481,0.5611,0.62,0.66,0.6,0.6,0.8667,0.8,0.6
336,pca_10,PCA-10,QDA_default,QuadraticDiscriminantAnalysis,10,0.6933,0.0998,0.6471,0.689,0.6515,0.65,0.74,0.6667,0.8,0.8,0.6667,0.5333
337,selectfrommodel_rf_5,SelectFromModel-RF-5,SVM_rbf_tuned,SVC,5,0.6933,0.1769,0.6495,0.6827,0.6717,0.66,0.772,0.7333,0.6,0.8667,0.4,0.8667
338,selectfrommodel_xgb_10,SelectFromModel-XGB-10,DT_pruned,DecisionTreeClassifier,10,0.6933,0.1083,0.6359,0.6801,0.6936,0.65,0.646,0.5333,0.8667,0.6667,0.6667,0.7333
339,selectkbest_f_classif_5,SelectKBest-f_classif-5,SVM_rbf,SVC,5,0.6933,0.08,0.5502,0.6343,0.6841,0.57,0.776,0.6,0.6,0.8,0.7333,0.7333
340,none,No Reduction,LGBM_default,LGBMClassifier,14,0.6933,0.1373,0.6439,0.6848,0.6978,0.64,0.776,0.5333,0.7333,0.8667,0.5333,0.8
341,selectkbest_mutual_info_5,SelectKBest-mutual_info-5,LR_default,LogisticRegression,5,0.6933,0.1083,0.5722,0.6478,0.6868,0.58,0.828,0.5333,0.6,0.8,0.8,0.7333
342,selectkbest_mutual_info_5,SelectKBest-mutual_info-5,DT_default,DecisionTreeClassifier,5,0.6933,0.0904,0.6345,0.6791,0.6972,0.65,0.65,0.5333,0.7333,0.6667,0.8,0.7333
343,selectkbest_mutual_info_5,SelectKBest-mutual_info-5,KNN_weighted,KNeighborsClassifier,5,0.6933,0.0998,0.6165,0.6698,0.6786,0.64,0.786,0.6,0.6,0.6667,0.8667,0.7333
344,none,No Reduction,DT_entropy,DecisionTreeClassifier,14,0.6933,0.0327,0.6654,0.6958,0.6709,0.68,0.68,0.7333,0.6667,0.6667,0.7333,0.6667
345,selectfrommodel_xgb_10,SelectFromModel-XGB-10,DT_default,DecisionTreeClassifier,10,0.6933,0.1083,0.6359,0.6801,0.6936,0.65,0.65,0.5333,0.8667,0.6667,0.6667,0.7333
346,selectfrommodel_xgb_10,SelectFromModel-XGB-10,KNN_3,KNeighborsClassifier,10,0.6933,0.0904,0.6196,0.6694,0.7038,0.64,0.77,0.6667,0.7333,0.8,0.5333,0.7333
347,selectfrommodel_xgb_5,SelectFromModel-XGB-5,KNN_3,KNeighborsClassifier,5,0.6933,0.0904,0.6196,0.6694,0.7038,0.64,0.77,0.6667,0.7333,0.8,0.5333,0.7333
348,selectkbest_mutual_info_5,SelectKBest-mutual_info-5,MLP_medium,MLPClassifier,5,0.6933,0.0998,0.6287,0.6762,0.6886,0.65,0.732,0.6,0.6,0.6667,0.8667,0.7333
349,pca_10,PCA-10,DT_default,DecisionTreeClassifier,10,0.68,0.1543,0.6486,0.6792,0.6628,0.66,0.66,0.6,0.7333,0.9333,0.4667,0.6667
350,selectfrommodel_xgb_5,SelectFromModel-XGB-5,GB_tuned,GradientBoostingClassifier,5,0.68,0.1067,0.6378,0.6745,0.6767,0.65,0.692,0.5333,0.8,0.6,0.6667,0.8
351,selectkbest_mutual_info_5,SelectKBest-mutual_info-5,GB_default,GradientBoostingClassifier,5,0.68,0.0884,0.6247,0.6691,0.645,0.64,0.772,0.5333,0.7333,0.6667,0.8,0.6667
352,selectfrommodel_xgb_10,SelectFromModel-XGB-10,GB_tuned,GradientBoostingClassifier,10,0.68,0.1067,0.6378,0.6745,0.6767,0.65,0.692,0.5333,0.8,0.6,0.6667,0.8
353,pca_5,PCA-5,LDA_solver_lsqr,LinearDiscriminantAnalysis,5,0.68,0.0499,0.5624,0.6343,0.6323,0.59,0.756,0.7333,0.6667,0.7333,0.6667,0.6
354,pca_10,PCA-10,DT_pruned,DecisionTreeClassifier,10,0.68,0.1543,0.6486,0.6792,0.6628,0.66,0.658,0.6,0.7333,0.9333,0.4667,0.6667
355,selectfrommodel_rf_5,SelectFromModel-RF-5,SVM_rbf,SVC,5,0.68,0.0884,0.5894,0.6455,0.6867,0.61,0.832,0.6667,0.6667,0.8,0.5333,0.7333
356,selectfrommodel_rf_10,SelectFromModel-RF-10,DT_entropy,DecisionTreeClassifier,10,0.68,0.0499,0.6478,0.6821,0.6498,0.66,0.66,0.6,0.6667,0.7333,0.7333,0.6667
357,selectkbest_mutual_info_10,SelectKBest-mutual_info-10,QDA_reg,QuadraticDiscriminantAnalysis,10,0.68,0.136,0.6469,0.6736,0.6745,0.67,0.744,0.7333,0.7333,0.8667,0.4667,0.6
358,selectfrommodel_rf_10,SelectFromModel-RF-10,DT_pruned,DecisionTreeClassifier,10,0.68,0.0777,0.6442,0.6809,0.6461,0.65,0.654,0.6667,0.6,0.8,0.6,0.7333
359,selectfrommodel_rf_5,SelectFromModel-RF-5,KNN_weighted,KNeighborsClassifier,5,0.68,0.1655,0.6359,0.6698,0.6886,0.64,0.742,0.6,0.7333,0.8667,0.4,0.8
360,selectkbest_f_classif_5,SelectKBest-f_classif-5,RF_extratrees,ExtraTreesClassifier,5,0.68,0.0499,0.6085,0.6613,0.6366,0.62,0.744,0.6667,0.6,0.7333,0.6667,0.7333
361,selectkbest_f_classif_5,SelectKBest-f_classif-5,CatBoost_tuned,CatBoostClassifier,5,0.6667,0.0596,0.6057,0.6541,0.6217,0.62,0.724,0.6667,0.6,0.7333,0.6,0.7333
362,selectkbest_f_classif_5,SelectKBest-f_classif-5,GB_default,GradientBoostingClassifier,5,0.6667,0.1193,0.6253,0.6649,0.641,0.63,0.734,0.7333,0.4667,0.7333,0.6,0.8
363,selectkbest_f_classif_5,SelectKBest-f_classif-5,QDA_reg,QuadraticDiscriminantAnalysis,5,0.6667,0.1738,0.6274,0.647,0.6563,0.66,0.82,0.7333,0.6667,0.8,0.3333,0.8
364,pca_5,PCA-5,QDA_reg,QuadraticDiscriminantAnalysis,5,0.6667,0.1265,0.6464,0.6658,0.67,0.68,0.796,0.6667,0.8,0.8,0.4667,0.6
365,selectkbest_f_classif_5,SelectKBest-f_classif-5,DT_entropy,DecisionTreeClassifier,5,0.6667,0.0596,0.6236,0.664,0.6369,0.63,0.63,0.7333,0.6,0.7333,0.6,0.6667
366,selectkbest_mutual_info_5,SelectKBest-mutual_info-5,GB_tuned,GradientBoostingClassifier,5,0.6667,0.0943,0.6122,0.6554,0.6371,0.63,0.732,0.5333,0.7333,0.6,0.8,0.6667
367,none,No Reduction,DT_default,DecisionTreeClassifier,14,0.6667,0.073,0.6328,0.6691,0.6351,0.64,0.64,0.5333,0.6667,0.7333,0.6667,0.7333
368,selectkbest_f_classif_5,SelectKBest-f_classif-5,DT_default,DecisionTreeClassifier,5,0.6533,0.0653,0.6017,0.6471,0.6165,0.61,0.61,0.7333,0.5333,0.6667,0.6667,0.6667
369,selectfrommodel_rf_5,SelectFromModel-RF-5,MLP_small,MLPClassifier,5,0.6533,0.136,0.5901,0.6335,0.623,0.61,0.792,0.6,0.6,0.8667,0.4667,0.7333
370,selectfrommodel_rf_5,SelectFromModel-RF-5,GB_tuned,GradientBoostingClassifier,5,0.6533,0.0267,0.6184,0.6531,0.627,0.64,0.696,0.6667,0.6667,0.6667,0.6667,0.6
371,pca_5,PCA-5,LDA_default,LinearDiscriminantAnalysis,5,0.6533,0.0499,0.5477,0.6152,0.6377,0.57,0.76,0.7333,0.6667,0.6667,0.6,0.6
372,pca_5,PCA-5,NB_bernoulli,BernoulliNB,5,0.6533,0.0884,0.5808,0.6373,0.5789,0.59,0.67,0.6667,0.5333,0.8,0.6667,0.6
373,pca_5,PCA-5,LDA_solver_svd,LinearDiscriminantAnalysis,5,0.6533,0.0499,0.5477,0.6152,0.6377,0.57,0.76,0.7333,0.6667,0.6667,0.6,0.6
374,pca_5,PCA-5,QDA_default,QuadraticDiscriminantAnalysis,5,0.6533,0.1067,0.6305,0.6556,0.6499,0.66,0.796,0.6667,0.7333,0.8,0.5333,0.5333
375,none,No Reduction,QDA_reg,QuadraticDiscriminantAnalysis,14,0.6533,0.0777,0.6115,0.6458,0.6383,0.64,0.772,0.6667,0.7333,0.7333,0.5333,0.6
376,selectfrommodel_xgb_10,SelectFromModel-XGB-10,NB_gaussian,GaussianNB,10,0.6533,0.0499,0.5762,0.631,0.5823,0.6,0.772,0.6,0.6667,0.6,0.6667,0.7333
377,selectfrommodel_xgb_5,SelectFromModel-XGB-5,NB_gaussian,GaussianNB,5,0.6533,0.0499,0.5762,0.631,0.5823,0.6,0.772,0.6,0.6667,0.6,0.6667,0.7333
378,selectkbest_f_classif_5,SelectKBest-f_classif-5,NB_bernoulli,BernoulliNB,5,0.64,0.0904,0.6282,0.6309,0.7109,0.7,0.762,0.6667,0.6667,0.6667,0.4667,0.7333
379,pca_5,PCA-5,Ridge_default,RidgeClassifier,5,0.64,0.0533,0.489,0.5751,0.5302,0.54,0.76,0.7333,0.6,0.6667,0.6,0.6
380,pca_10,PCA-10,NB_gaussian,GaussianNB,10,0.64,0.1306,0.6149,0.6389,0.6451,0.64,0.776,0.7333,0.7333,0.7333,0.4,0.6
381,selectkbest_f_classif_5,SelectKBest-f_classif-5,GB_tuned,GradientBoostingClassifier,5,0.64,0.068,0.5763,0.6269,0.6031,0.59,0.662,0.7333,0.5333,0.6667,0.6,0.6667
382,pca_10,PCA-10,QDA_reg,QuadraticDiscriminantAnalysis,10,0.64,0.0904,0.6133,0.6406,0.6383,0.64,0.772,0.6667,0.7333,0.7333,0.5333,0.5333
383,selectfrommodel_rf_10,SelectFromModel-RF-10,NB_gaussian,GaussianNB,10,0.64,0.1236,0.5844,0.6234,0.5958,0.62,0.792,0.6667,0.5333,0.7333,0.4667,0.8
384,selectkbest_mutual_info_5,SelectKBest-mutual_info-5,NB_bernoulli,BernoulliNB,5,0.64,0.0904,0.6282,0.6309,0.7109,0.7,0.652,0.6667,0.6667,0.6667,0.4667,0.7333
385,pca_5,PCA-5,Ridge_alpha1,RidgeClassifier,5,0.64,0.0533,0.489,0.5751,0.5302,0.54,0.76,0.7333,0.6,0.6667,0.6,0.6
386,pca_5,PCA-5,DT_entropy,DecisionTreeClassifier,5,0.64,0.0904,0.5857,0.6328,0.5985,0.59,0.59,0.6,0.6667,0.8,0.5333,0.6
387,selectkbest_f_classif_5,SelectKBest-f_classif-5,DT_pruned,DecisionTreeClassifier,5,0.6267,0.1083,0.5538,0.6116,0.6078,0.56,0.6,0.7333,0.5333,0.4667,0.6667,0.7333
388,pca_5,PCA-5,NB_gaussian,GaussianNB,5,0.6267,0.1373,0.6108,0.6222,0.6489,0.66,0.716,0.6,0.8,0.7333,0.4,0.6
389,selectfrommodel_rf_5,SelectFromModel-RF-5,NB_gaussian,GaussianNB,5,0.6133,0.1293,0.5698,0.6002,0.5961,0.6,0.768,0.6667,0.6,0.6,0.4,0.8
390,selectkbest_mutual_info_10,SelectKBest-mutual_info-10,NB_bernoulli,BernoulliNB,10,0.6133,0.0884,0.5979,0.6079,0.6565,0.65,0.662,0.6,0.6667,0.6,0.4667,0.7333
391,selectkbest_mutual_info_5,SelectKBest-mutual_info-5,QDA_reg,QuadraticDiscriminantAnalysis,5,0.6133,0.1809,0.5536,0.5871,0.5927,0.58,0.78,0.6,0.5333,0.7333,0.3333,0.8667
392,selectfrommodel_rf_5,SelectFromModel-RF-5,NB_bernoulli,BernoulliNB,5,0.5867,0.0499,0.4958,0.5612,0.5076,0.52,0.68,0.6,0.5333,0.6,0.5333,0.6667
393,none,No Reduction,NB_gaussian,GaussianNB,14,0.5867,0.1293,0.5795,0.5715,0.6619,0.67,0.75,0.6667,0.6667,0.6667,0.3333,0.6
394,none,No Reduction,NB_bernoulli,BernoulliNB,14,0.5733,0.0904,0.5372,0.5625,0.5907,0.58,0.66,0.6,0.5333,0.5333,0.4667,0.7333
395,selectkbest_f_classif_10,SelectKBest-f_classif-10,NB_bernoulli,BernoulliNB,10,0.5733,0.1162,0.5483,0.5686,0.5779,0.59,0.692,0.6667,0.5333,0.5333,0.4,0.7333
396,selectfrommodel_xgb_10,SelectFromModel-XGB-10,NB_bernoulli,BernoulliNB,10,0.56,0.1436,0.4446,0.5132,0.5122,0.48,0.66,0.6667,0.6,0.4667,0.3333,0.7333
397,selectfrommodel_rf_10,SelectFromModel-RF-10,NB_bernoulli,BernoulliNB,10,0.56,0.0904,0.4708,0.532,0.4886,0.5,0.644,0.6,0.5333,0.6,0.4,0.6667
398,selectfrommodel_xgb_5,SelectFromModel-XGB-5,NB_bernoulli,BernoulliNB,5,0.56,0.1436,0.4446,0.5132,0.5122,0.48,0.66,0.6667,0.6,0.4667,0.3333,0.7333
399,selectkbest_f_classif_10,SelectKBest-f_classif-10,NB_gaussian,GaussianNB,10,0.5467,0.1293,0.5351,0.5232,0.6327,0.63,0.754,0.6,0.6667,0.6667,0.3333,0.4667
400,selectkbest_f_classif_5,SelectKBest-f_classif-5,NB_gaussian,GaussianNB,5,0.5467,0.1293,0.5363,0.5214,0.647,0.64,0.81,0.6667,0.6,0.6667,0.3333,0.4667
401,selectkbest_mutual_info_5,SelectKBest-mutual_info-5,NB_gaussian,GaussianNB,5,0.52,0.1147,0.508,0.4888,0.6387,0.62,0.762,0.5333,0.6,0.6667,0.3333,0.4667
402,selectkbest_mutual_info_10,SelectKBest-mutual_info-10,NB_gaussian,GaussianNB,10,0.52,0.1067,0.5111,0.4934,0.6341,0.62,0.754,0.5333,0.5333,0.6667,0.3333,0.5333
